<?xml version="1.0" encoding="UTF-8"?>
<!DOCTYPE suite SYSTEM "https://testng.org/testng-1.0.dtd">
<suite name="Suite">
  <test name="Validate All form elements for blanks on main page">
    <classes>
      <class name="com.entrata.qa.teatcases.TestScenario001Test"/>
    </classes>
  </test> <!-- Test -->
  <test name="Validate email on main page">
    <classes>
      <class name="com.entrata.qa.teatcases.TestScenario002Test"/>
    </classes>
  </test> <!-- Test -->
    <test name="Validate phone on main page">
    <classes>
      <class name="com.entrata.qa.teatcases.TestScenario004Test"/>
    </classes>
  </test> <!-- Test -->
    <test name="Validate page navigations from main page">
    <classes>
      <class name="com.entrata.qa.teatcases.TestScenario003Test"/>
    </classes>
  </test> <!-- Test -->
</suite> <!-- Suite -->
